[
    {
      "imageName":"DataStructuresAndAlogorithm",
      "section1":{
            "sectionTitle":"Overview of the course",
            "sectionId":"Section 1",
            "whatsIcluded":["This chapter provides overview of the course","Time complexity","Live problems"]
      },
      "section2":{
        "sectionTitle":"Arrays and Strings",
            "sectionId":"Section 2",
            "whatsIcluded":["This chapter provides overview of the Strings and Arrays","In depth understand of arrays and strings","Live problems"]
      }
    },
    {
        "imageName":"AnimationForBeginners",
        "section1":{
              "sectionTitle":"Overview of the course",
              "sectionId":"Section 1",
              "whatsIcluded":["This chapter provides overview of the Animation","Live problems"]
        },
        "section2":{
          "sectionTitle":"Bouncing Ball Animation",
              "sectionId":"Section 2",
              "whatsIcluded":["This chapter provides tutorial for Bouncing ball","Live Animation","Live problems"]
        }
      }
]